{
    "loss": 1.6887288093566895,
    "accuracy": 0.7586206793785095
}