{
    "loss": 1.4222949743270874,
    "accuracy": 0.818965494632721
}